qid,question,gold_answers,left_policy,right_policy,left_prediction,right_prediction,left_f1,right_f1,delta_f1,left_em,right_em,delta_em,left_docs,right_docs
emanual_1,What is source and how to serch data for channels?,"Based on the context provided, the key points are:

1. Changing the input signal (Source):
   - When you select a connected external device (e.g., Blu-ray player, game console) on the Source screen, the output of the selected device is displayed on the TV's screen.
   - To control a device that supports universal remote control, connect it to an HDMI port on the TV and turn it on. You can then switch to the output of the device automatically or configure universal remote control for the device automatically.
   - When a USB device is connected, a pop-up message appears that lets you switch easily to the media content listed on the device.

2. Searching data for channels (Channel List):
   - Using the Channel List, you can change the channel or check programs on other digital channels while watching TV.
   - The Channel List screen contains icons for favorite channels and locked channels.
   - When viewing the Channel List screen, you can use the following functions:
     - All Channels: Displays the channels that the TV found during the Auto Program channel search.
     - Favorites: Displays channels in the Favorites 1 to Favorites 5 lists.
     - Air Cable: Allows you to select Air (over-the-air antenna) or Cable as the DTV mode.
   - The TV also provides a TV PLUS feature, which allows you to watch popular programs or highlights through a virtual channel while the TV is connected to the Internet. This function may not be supported depending on the model or geographical area.

In summary, the ""Source"" refers to the input signal or connected external device, and the ""Channel List"" allows you to search and navigate through the available digital channels, including favorite and locked channels, as well as the option to select the DTV mode (Air or Cable).",ace_packed_160,chunk_packed_160,unknown,unknown,0.0,0.0,0.0,0,0,0,emanual_548::ctx2 | emanual_413::ctx0 | emanual_433::ctx0,emanual_284::ctx2 | emanual_32::ctx0 | emanual_548::ctx2 | emanual_176::ctx0
emanual_114,Why my TV is making a popping noise?,"According to the provided context, the TV making a popping noise is a normal occurrence and not a product malfunction. The context states:

""The TV is making a popping noise. The expansion and contraction of the TV's outer casing may cause a popping noise. This does not indicate a product malfunction. The TV is safe to use.""

The popping noise is attributed to the natural expansion and contraction of the TV's outer casing, which is a common phenomenon and not a sign of any defect. The context reassures that this noise is considered normal and is not an acceptable cause for an exchange or refund.",ace_packed_160,chunk_packed_160,Unknown,Unknown,0.0,0.0,0.0,0,0,0,emanual_114::ctx0 | emanual_420::ctx2 | emanual_426::ctx0 | emanual_648::ctx0,emanual_430::ctx1
emanual_116,My software update over the Internet has failed. How do I fix this?,"Based on the provided context, if your software update over the Internet has failed, you can try the following steps to fix it:

1. Update through a USB device:
   - Download the update package from the Samsung website to your computer.
   - Save the update package in the top-level folder of a USB flash drive.
   - Connect the USB device to your TV.
   - Go to Settings > Support > Software Update > Update Now and select the USB device to update the TV's software.

2. Check your internet connection:
   - Ensure that your TV has an active internet connection. The context mentions that ""Updating from the Internet requires an active Internet connection.""
   - If you're experiencing issues with your internet connection, try troubleshooting it or contacting your internet service provider for assistance.

3. Try the update again:
   - Go to Settings > Support > Software Update > Update Now or Try Now to attempt the software update over the internet again.
   - The context states that the ""TV will turn off and on automatically after completing the software update,"" so be patient and do not turn off the TV during the update process.

4. Consider automatic updates:
   - If your TV is connected to the internet, you can enable the ""Auto Update"" feature, which will automatically update the TV's software in the background while you're watching.
   - This feature is mentioned in the context and can be enabled or disabled in the Settings > Support > Software Update menu.

By following these steps, you should be able to successfully update your TV's software either through a USB device or by troubleshooting and retrying the internet-based update.",ace_packed_160,chunk_packed_160,Restart TV,unknown,0.008734,0.0,0.008734,0,0,0,emanual_114::ctx0 | emanual_116::ctx1 | emanual_116::ctx0 | emanual_347::ctx1,emanual_116::ctx0 | emanual_116::ctx1
emanual_132,How do I turn on High Contrast using Bixby?,"To turn on High Contrast using Bixby, follow these steps:

1. Press and hold the button on the Samsung Smart Remote.
2. While holding the button, say ""Turn High Contrast on"" and then release the button.
3. The TV will confirm the command and turn on High Contrast mode, which changes the screen to white text on a black background for better visibility.

The context provided states that you can use voice commands with Bixby to control accessibility features like High Contrast. By pressing and holding the button on the remote, speaking the command ""Turn High Contrast on"", and releasing the button, you can activate the High Contrast mode through Bixby.",ace_packed_160,chunk_packed_160,unknown,"To activate High Contrast, set it to ""High Contrast"" in the Accessibility menu",0.0,0.146789,-0.146789,0,0,0,emanual_132::ctx1 | emanual_132::ctx0 | emanual_341::ctx1 | emanual_341::ctx2 | emanual_132::ctx2,emanual_132::ctx1 | emanual_19::ctx1 | emanual_19::ctx0
emanual_14,What are natural and movie mode?,"Based on the context provided:

Natural Mode:
- Reduces eye strain for a comfortable viewing experience.

Movie Mode:
- Suitable for watching TV or movies in a dark room.
- This function may not be supported depending on the model.

The context indicates that Natural Mode and Movie Mode are different picture modes that can be selected on the TV to optimize the viewing experience for different environments and content.

Natural Mode is described as reducing eye strain for a comfortable viewing experience, while Movie Mode is suitable for watching TV or movies in a dark room.",ace_packed_160,chunk_packed_160,Unknown,unknown,0.0,0.0,0.0,0,0,0,emanual_14::ctx0 | emanual_465::ctx0 | emanual_473::ctx2 | emanual_14::ctx2 | emanual_191::ctx0,emanual_14::ctx0 | emanual_467::ctx0 | emanual_490::ctx2
emanual_145,Where do I find the list of my favorite channels?,"Based on the context provided, you can find the list of your favorite channels in the following way:

1. Press the right directional button on your remote control to access the Live TV Channel List.
2. Select the ""Favorites"" option.
3. Choose the desired favorites list from the five available favorites lists on the screen.
4. The channels in the selected favorites list will be displayed.

The context indicates that you can create up to five different favorites lists, so you can select the list that contains your personally designated favorite channels.",ace_packed_160,chunk_packed_160,unknown,unknown,0.0,0.0,0.0,0,0,0,emanual_145::ctx2 | emanual_283::ctx0 | emanual_283::ctx1 | emanual_176::ctx1 | emanual_176::ctx0,emanual_145::ctx2 | emanual_176::ctx1 | emanual_145::ctx0 | emanual_32::ctx1 | emanual_145::ctx1
emanual_176,How can I search for the channels?,"Based on the given context, there are a few ways to search for channels on your TV:

1. Using the Channel List:
   - Press the button on the remote to open the Smart Hub.
   - Press the left or right directional buttons to move to Live TV.
   - Press the up directional button to move to the top row, then press the right directional button to move to Channel List.
   - Press the Select button to open the Channel List, which displays a list of available channels and the current program on each.
   - Use the up and down directional buttons to navigate the channel list.

2. Accessing the All Channels category:
   - In the Channel List, press the right directional button to move to the Category List.
   - Use the up and down directional buttons to select the ""All Channels"" category, and then press the Select button.
   - This will display all the channels that have been automatically searched and found by the TV.

3. Entering a channel number directly:
   - In the Channel List, you can use the button to enter a channel number and go directly to that channel.

So, in summary, you can use the Channel List, the ""All Channels"" category, or enter a channel number directly to search and access the available channels on your TV.",ace_packed_160,chunk_packed_160,"Using the Channel List. Press the button on the remote to open Smart Hub, move to Live TV, press up, move to Channel List, and press Select",Press the right directional button on your remote control. Select Favorites,0.236453,0.084656,0.151797,0,0,0,emanual_283::ctx1 | emanual_420::ctx2 | emanual_176::ctx0,emanual_282::ctx0 | emanual_145::ctx1 | emanual_32::ctx1 | emanual_176::ctx0 | emanual_283::ctx1
emanual_188,How can I turn on ambient mode on TV screen?,"Based on the context provided, here are the steps to turn on Ambient Mode on the TV screen:

1. When the TV is turned off, press the button on the remote control to enter Ambient Mode.

2. To return to TV mode from Ambient Mode, press the button on the remote control.

The key points are:

- To enter Ambient Mode, press the button on the remote when the TV is turned off.
- Ambient Mode allows you to view visual information and designs while consuming less power.
- The TV screen brightness is automatically adjusted based on the surrounding ambient light.
- You can change the auto brightness setting for Ambient Mode if desired.
- If you use a remote control other than the Samsung TV remote, there may be restrictions on entering Ambient Mode, as it is a QLED TV-specific feature.

So in summary, the main way to turn on Ambient Mode is by pressing the dedicated button on the Samsung TV remote when the TV is powered off.",ace_packed_160,chunk_packed_160,unknown,Press the button on Samsung TV remote,0.0,0.08,-0.08,0,0,0,emanual_59::ctx2 | emanual_191::ctx1 | emanual_191::ctx0,emanual_467::ctx2 | emanual_4::ctx2 | emanual_188::ctx2
emanual_19,How to configure Contrast and Sharpness?,"Based on the provided context, to configure the Contrast and Sharpness settings, you can follow these steps:

1. Contrast:
   - Under the ""Picture Expert Settings"" section, there is an option to configure the ""Contrast"" setting. You can use the ""Try Now"" button to adjust the Contrast to your desired level.

2. Sharpness:
   - Under the ""Picture Expert Settings"" section, there is an option to configure the ""Sharpness"" setting. You can use the ""Try Now"" button to adjust the Sharpness to your desired level.

The context also mentions that these settings are part of the ""Advanced picture settings"" that you can configure to your taste. You can access these settings by going to the appropriate menu on your TV.",ace_packed_160,chunk_packed_160,Contrast Try Now Sharpness Try Now,Contrast Try Now Sharpness Try Now,0.11215,0.11215,0.0,0,0,0,emanual_420::ctx2 | emanual_19::ctx1 | emanual_403::ctx1,emanual_19::ctx1 | emanual_490::ctx1 | emanual_19::ctx0
emanual_191,Can you explain Ambient Mode?,"Based on the context provided, Ambient Mode on the TV is a feature that allows you to display visual information and designs on the TV screen even when the TV is not in the main viewing mode. Here are the key points about Ambient Mode:

1. Ambient Mode is a low-power state where the TV screen brightness is automatically adjusted based on the surrounding light level, using an illuminance sensor.

2. There are different screen states in Ambient Mode:
   - Ambient Mode: The TV screen displays information and designs in a low-power state.
   - Getting dark state: The TV screen becomes darker as the surroundings get darker.
   - Black screen state: If the surroundings get very dark or there is no user interaction, the TV goes into a soft-off state with a black screen.

3. In Ambient Mode, the TV can activate voice guides and process voice commands, but in the black screen state, it cannot.

4. You can access the Ambient Mode browser to select content like decorative screens, information widgets, and photos to display in Ambient Mode.

5. You can also adjust the brightness, color tone, auto-brightness, and set an auto-off timer for Ambient Mode.

6. The background color and pattern of Ambient Mode can be customized, including using a photo of a wall taken with the SmartThings app.

In summary, Ambient Mode allows the TV to display useful and visually appealing content in a low-power state, adjusting to the surrounding light conditions.",ace_packed_160,chunk_packed_160,Can explain,"When the surroundings get dark, the TV screen becomes darker. When the surroundings get bright, the TV screen returns to Ambient Mode. Less power is consumed and brightness",0.00939,0.153191,-0.143802,0,0,0,emanual_4::ctx2 | emanual_188::ctx2 | emanual_59::ctx1 | emanual_465::ctx2 | emanual_558::ctx0,emanual_188::ctx1 | emanual_14::ctx2 | emanual_191::ctx1 | emanual_486::ctx2
emanual_229,How can I use HDMI UHD Color?,"Based on the provided context, here are the key points on how to use the HDMI UHD Color function:

1. Connect an external UHD player to the TV's HDMI connector.

2. Go to the TV's settings menu and navigate to the ""General"" > ""External Device Manager"" > ""HDMI UHD Color"" option.

3. Select the HDMI connector you want to use for HDMI UHD Color and press the Select button to set it to ""On"".

4. When HDMI UHD Color is set to ""On"", the TV supports up to UHD 50P/60P input signals with 4:4:4 and 4:2:2 chroma sampling.

5. If the external device only supports UHD 24 or 30 Hz frequency or any FHD frequency, the HDMI UHD Color function may not be available. In this case, you should set HDMI UHD Color to ""Off"".

6. When HDMI UHD Color is set to ""Off"", the TV supports up to UHD 50P/60P input signals with 4:2:0 chroma sampling.

So, in summary, enable the HDMI UHD Color function when connecting an external UHD player to get the best possible video quality, but make sure the connected device supports the required UHD resolutions and frame rates.",ace_packed_160,chunk_packed_160,unknown,Set HDMI UHD Color to On,0.0,0.067039,-0.067039,0,0,0,emanual_229::ctx0 | emanual_229::ctx1 | emanual_420::ctx2,emanual_229::ctx2 | emanual_229::ctx1 | emanual_473::ctx1
emanual_237,How do I select Optimized sound mode?,"Based on the context provided, to select the Optimized sound mode, you can follow these steps:

1. Go to Settings > Sound > Sound Mode.
2. In the Sound Mode options, select ""Optimized"".

The context states that you can ""select a favorite sound mode suitable for the content type or the listening environment"", and one of the available options is ""Optimized"".",ace_packed_160,chunk_packed_160,Select a favorite sound mode suitable for the content type or the listening environment,Select a favorite sound mode suitable for the content type or the listening environment,0.354839,0.354839,0.0,0,0,0,emanual_237::ctx0 | emanual_645::ctx2 | emanual_648::ctx2 | emanual_237::ctx2,emanual_333::ctx2 | emanual_237::ctx0 | emanual_237::ctx2 | emanual_333::ctx1
emanual_257,How do I change the current time on TV?,"Based on the provided context, there are a few ways to change the current time on the TV:

1. Setting the Clock Manually:
   - Go to Settings > General > System Manager > Time > Clock
   - Set the Clock Mode to ""Manual""
   - Directly enter the current date and time using the directional buttons on the remote control.

2. Setting the Clock Automatically:
   - Go to Settings > General > System Manager > Time > Clock
   - Set the Clock Mode to ""Auto""
   - This will automatically set the clock based on the TV's internet connection or digital broadcast signals.
   - If the TV is connected to a cable/satellite box, you'll need to set the time manually.

3. Adjusting the Clock for Daylight Saving Time (DST) and Time Zone:
   - Go to Settings > General > System Manager > Time > Clock
   - Adjust the Time Zone and DST settings to match your local time.
   - This is only available when the Clock Mode is set to ""Auto"".

4. Adjusting the Time Offset:
   - Go to Settings > General > System Manager > Time > Clock
   - If the TV fails to receive accurate time information, you can use the Time Offset setting to adjust the time.
   - This is only available when the Clock Mode is set to ""Auto"" and the TV is connected to the internet.

So in summary, you can change the current time on your TV either by manually setting the clock or by configuring the automatic clock settings based on your location and internet/broadcast connection.",ace_packed_160,chunk_packed_160,Manually,unknown,0.009804,0.0,0.009804,0,0,0,emanual_257::ctx0 | emanual_257::ctx1 | emanual_300::ctx0 | emanual_535::ctx0 | emanual_535::ctx2,emanual_300::ctx2 | emanual_282::ctx1
emanual_276,Please instruct how to record any program?,"Based on the provided context, here are the steps to record a program:

Instant Recording:
1. Open the program guide.
2. Move to the program you want to record.
3. Press and hold the Select button.
4. From the pop-up menu, select ""Record"".
5. The program will start recording immediately.

Schedule Recording:
1. Open the program guide.
2. Move to the program you want to record in the future.
3. Press the Select button.
4. From the pop-up menu, select ""Schedule Recording"".
5. The program will be set to record at the scheduled time.

Recording while Watching a Program:
1. While watching a program, press the Select button.
2. From the program info window, select ""Record"" to start recording the current program.

Scheduling a Recording by Entering Date and Time:
1. Go to the ""Live TV Recordings Schedules"" menu.
2. Set the values for Antenna Channel, Repeat, Date, Start Time, and End Time.
3. Select ""Save"" to schedule the recording.

The context also mentions that you can check the current time in the ""Settings > General > System Manager > Time Clock"" menu.",ace_packed_160,chunk_packed_160,Use the up and down directional buttons to move to Record . Press select to record the program,"Press Select, choose Record/ Schedule Recording, set date/time, save",0.119048,0.08642,0.032628,0,0,0,emanual_276::ctx0 | emanual_276::ctx2 | emanual_289::ctx1 | emanual_289::ctx0,emanual_276::ctx1 | emanual_289::ctx0
emanual_282,From where I can see program information?,"Based on the provided context, you can see program information from two places:

1. The Guide Screen:
   - On the Guide screen, you can select a program you would like to view and then press and hold the Select button.
   - This will bring up a pop-up menu where you can select ""Schedule Viewing"" to set up a scheduled viewing for that program.

2. The Program Info Screen:
   - Press the Select button while watching TV, and the Program Info window will appear.
   - In the Program Info window, you can select a broadcast scheduled program using the left or right directional buttons, and then press the Select button.
   - From here, you can choose the ""Schedule Viewing"" option to schedule watching that program.

So, the two main places to access program information and set up scheduled viewings are the Guide Screen and the Program Info Screen.",ace_packed_160,chunk_packed_160,TV,Settings General System,0.016,0.0,0.016,0,0,0,emanual_282::ctx2 | emanual_282::ctx1 | emanual_257::ctx1 | emanual_289::ctx2,emanual_413::ctx1 | emanual_282::ctx1 | emanual_305::ctx2
emanual_283,How can I select channel filter option ?,"Based on the context provided, you can select the channel filter option by following these steps:

1. Open the Channel List by pressing the button on your remote to open the Smart Hub, then pressing the left or right directional buttons to move to Live TV, and the up directional button to move to the top row, followed by the right directional button to move to Channel List and pressing the Select button.

2. Once in the Channel List, press the right directional button to move to the Category List.

3. In the Category List, use the up and down directional buttons to move between the options, which include ""All Channels"" and ""Favorites"".

4. To select a category, press the Select button. The channel list will now show only the channels in the selected category (either ""All Channels"" or the selected ""Favorites"" list).

So, in summary, you can select the channel filter option by navigating to the Category List within the Channel List and choosing either ""All Channels"" or the desired ""Favorites"" list.",ace_packed_160,chunk_packed_160,"Highlight the one you want, and then press Select",unknown,0.064516,0.0,0.064516,0,0,0,emanual_176::ctx0 | emanual_1::ctx2 | emanual_283::ctx1 | emanual_283::ctx2,emanual_283::ctx0 | emanual_284::ctx1 | emanual_363::ctx2 | emanual_32::ctx1
emanual_284,How can I change Antenna type?,"Based on the provided context, to change the antenna type, you can follow these steps:

1. Press the right directional button on your remote control to move the focus to the ""Air Cable"" option.
2. Press the Select button on your remote control to choose the desired antenna type.

The context mentions that you can connect an antenna cable to your TV, and that this antenna connection is not necessary if you are using a cable box or satellite box. It also states that you do not need to use the ""Air Cable"" function if your TV is connected to a cable box or satellite box.

Therefore, to change the antenna type, you need to navigate to the ""Air Cable"" option and select it using your remote control. This allows you to switch between different antenna types, such as air or cable, depending on your setup.",ace_packed_160,chunk_packed_160,Unknown,Change the broadcast signal,0.0,0.014815,-0.014815,0,0,0,emanual_284::ctx0 | emanual_363::ctx2 | emanual_363::ctx0 | emanual_1::ctx0 | emanual_284::ctx1,emanual_413::ctx0 | emanual_284::ctx1 | emanual_363::ctx2 | emanual_176::ctx0
emanual_289,Explain the steps how to do Schedule Recording while watching a program?,"Based on the context provided, here are the steps to schedule a recording while watching a program:

1. Press the Select button while watching a program to display the program info window.
2. Use the left or right directional buttons to select the scheduled program you want to record.
3. Press the Select button, and then select ""Schedule Recording"" to set up a scheduled recording of the selected program.

The key steps are:

1. Access the program info window by pressing Select while watching a program.
2. Navigate to the program you want to record.
3. Select the ""Schedule Recording"" option to set up the recording.

This allows you to schedule a recording for a program that is not currently airing, but is coming up in the future schedule, while you are actively watching live TV.",ace_packed_160,chunk_packed_160,Press Select to display program info window. Use directional buttons to select Schedule Recording. Press Select to start scheduling,"Press Select, choose Schedule Recording, set date and time, save settings",0.253731,0.095238,0.158493,0,0,0,emanual_276::ctx1 | emanual_276::ctx2 | emanual_305::ctx2 | emanual_289::ctx1,emanual_289::ctx0 | emanual_276::ctx2 | emanual_305::ctx2
emanual_300,How do I set scheduled viewing time?,"Based on the context provided, there are a few ways to set up scheduled viewing on your TV:

1. Using the Guide Screen:
   - On the Guide screen, select the program you want to schedule.
   - Press and hold the Select button, then choose ""Schedule Viewing"" from the pop-up menu.

2. Using the Program Info Screen:
   - While watching TV, press the Select button to bring up the Program Info window.
   - Select the program you want to schedule using the left/right directional buttons.
   - Press the Select button, then choose ""Schedule Viewing"" to schedule that program.

3. Using the Schedule Viewing options:
   - Go to the ""Live TV Schedule Manager"" (in the U.S. and Canada) or ""Recordings Schedules"" (in other countries).
   - Select ""Add Viewing"" and set the Antenna Channel, Repeat, Date, and Start Time for the program you want to schedule.
   - Once you've set the details, select ""Save"" to finalize the scheduled viewing.

Before setting up the scheduled viewing, make sure to first set the correct time on your TV's clock, which can be found in the ""Settings > General > System Manager > Time & Clock"" menu.",ace_packed_160,chunk_packed_160,Configure the TV to show a specific channel or program at a specific time and date,"Press the Select button, and then select Schedule Viewing schedule viewing of that program",0.094675,0.142012,-0.047337,0,0,0,emanual_257::ctx1 | emanual_535::ctx2 | emanual_300::ctx0 | emanual_473::ctx0,emanual_300::ctx2 | emanual_300::ctx0 | emanual_282::ctx1
emanual_302,How do I check scheduled viewings?,"Based on the context provided, there are a few ways to check scheduled viewings:

1. From the Guide screen:
   - On the Guide screen, select a program that has the scheduled viewing icon.
   - Press and hold the Select button, and then choose ""Schedule Viewing"" to view the scheduled details.

2. From the Program Info window:
   - While watching TV, press the Select button to bring up the Program Info window.
   - Select a program that has a scheduled broadcast, then choose ""Schedule Viewing"" to view the scheduled details.

3. From the Live TV Schedule Manager:
   - Press the Smart Hub button to open the Smart Hub menu.
   - Navigate to Live TV > Schedule Manager > Recordings Schedules.
   - This will show the list of programs that have been scheduled for viewing.

The exact steps may vary depending on the model or geographic area, as mentioned in the context. But the main ways to check scheduled viewings are through the Guide screen, the Program Info window, and the Live TV Schedule Manager.",ace_packed_160,chunk_packed_160,"Press and hold the Select button on the Guide screen, then select Schedule Viewing","Press the Select button, and then select Schedule Viewing",0.15894,0.108844,0.050097,0,0,0,emanual_300::ctx0 | emanual_300::ctx1 | emanual_257::ctx1 | emanual_282::ctx2,emanual_300::ctx2 | emanual_300::ctx1
emanual_305,How do I record using time Timeshift function?,"Based on the context provided, here are the steps to record using the Timeshift function:

1. Connect a USB device to your device for recording. The Timeshift function requires a USB device for recording live TV.

2. To activate the Timeshift function while watching TV, press the button and then select ""Timeshift"", or press the button.

3. Once the Timeshift function is running, you can pause, rewind, or play back the live TV you are watching.

4. To record the program you are watching using Timeshift, press the button while the Timeshift function is running. This will display a menu with the following options:

   - Record: This option will immediately start recording the program you are watching.
   - Timeshift: This option will continue the Timeshift function.
   - Stop: This option will stop the recording or Timeshift function that is running.

So in summary, to record using the Timeshift function, you need to first activate Timeshift, then press the button and select the ""Record"" option from the menu that appears.",ace_packed_160,chunk_packed_160,Stop,Connect a USB device for recording,0.013889,0.067568,-0.053679,0,0,0,emanual_305::ctx0 | emanual_310::ctx0 | emanual_305::ctx1 | emanual_276::ctx2 | emanual_305::ctx2,emanual_305::ctx1 | emanual_305::ctx2 | emanual_305::ctx0 | emanual_276::ctx2
emanual_310,How can I jump forward / jump backward?,"Based on the context provided, you can jump forward or jump backward while playing multimedia content (video, photo, recorded content) by following these steps:

1. Press the up directional button to move the focus to the playback control bar.

2. While the focus is on the playback control bar, select the left directional button to jump backward by 10 seconds or the right directional button to jump forward by 10 seconds.

The context states:
""Jump Backward / Jump Forward: Press the up directional button to move the focus to the playback control bar, and then select the left or right directional button in the playback control bar to move backward or forward by 10 seconds in the video.""

So in summary, to jump forward or backward, you need to first bring up the playback control bar by pressing the up button, and then use the left/right buttons to jump back or forward 10 seconds.",ace_packed_160,chunk_packed_160,Press the up directional button,unknown,0.057554,0.0,0.057554,0,0,0,emanual_310::ctx0 | emanual_310::ctx1,emanual_284::ctx1 | emanual_363::ctx2 | emanual_395::ctx0
emanual_32,How can I view the channels that are serached by auto program function and How can I view first five favorite channel?,"Based on the provided context, here are the steps to view the channels searched by the Auto Program function and to view the first five favorite channels:

1. To view the channels searched by the Auto Program function:
   - Go to the Live TV Channel List
   - Press the right directional button on your remote control
   - Select ""All Channels"" to display the channels that the TV found during the Auto Program channel search.

2. To view the first five favorite channels:
   - Go to the Live TV Channel List
   - Press the right directional button on your remote control
   - Select ""Favorites""
   - Select the desired favorites list (Favorites 1 to Favorites 5) on the screen
   - The channels in the selected favorites list will be displayed.

The context mentions that only favorites lists that contain registered channels will display channels. So, if you have set up your favorite channel lists, you can switch between them and view the first five favorite channels.",ace_packed_160,chunk_packed_160,unknown,unknown,0.0,0.0,0.0,0,0,0,emanual_32::ctx2 | emanual_283::ctx0 | emanual_145::ctx2 | emanual_176::ctx1 | emanual_283::ctx2,emanual_145::ctx1 | emanual_32::ctx2 | emanual_1::ctx2
emanual_333,Hpw do I configure advanced broadcasting audio settings?,"Based on the provided context, here are the steps to configure advanced broadcasting audio settings:

1. Go to Settings > Broadcasting > Audio Options
2. This section allows you to configure different audio settings for analog and digital channels. The available options may vary depending on your TV model and geographical area.
3. Under ""Audio Options"", you can select your ""Preferred Language"". This will set the language you hear while watching TV, if the language is included in the broadcast signal.
4. You can also configure ""Multi-Track Sound"" settings from this menu, which allows you to listen to multi-track audio if supported by the broadcast.

The context also mentions configuring ""advanced sound settings"" under Settings > Sound > Expert Settings. This section allows you to adjust various sound quality settings like balance, equalizer, HDMI/digital output audio formats, audio delay, and more. 

So in summary, to configure advanced broadcasting audio settings, you need to access the ""Broadcasting"" and ""Sound"" menus in the settings, and adjust the relevant options based on your preferences and TV capabilities.",ace_packed_160,chunk_packed_160,unknown,unknown,0.0,0.0,0.0,0,0,0,emanual_333::ctx0 | emanual_645::ctx2 | emanual_237::ctx2 | emanual_333::ctx1,emanual_237::ctx1 | emanual_333::ctx0 | emanual_237::ctx2
emanual_341,What is the feature of Bixby guide?,"Based on the context provided, the key features of the Bixby guide are:

1. It is accessed by pressing the Bixby button on the Samsung Smart Remote once.

2. When you press the Bixby button for the first time, the ""Using Bixby"" button appears at the bottom of the screen. Pressing the Select button on the remote opens a popup window that displays a tutorial on how to use Bixby.

3. After the first time, pressing the Bixby button on the remote will make the ""Enter My Bixby"" button appear at the bottom of the screen. Pressing the Select button on the remote will take you to the ""My Bixby"" screen.

So in summary, the Bixby guide provides a tutorial and instructions on how to use the Bixby voice assistant feature on the Samsung TV, which is accessed by a single press of the Bixby button on the remote control.",ace_packed_160,chunk_packed_160,tutorial,Quick Guides,0.016529,0.0,0.016529,0,0,0,emanual_132::ctx2 | emanual_341::ctx1 | emanual_341::ctx2 | emanual_132::ctx0 | emanual_395::ctx1,emanual_341::ctx0 | emanual_341::ctx1 | emanual_341::ctx2 | emanual_132::ctx2
emanual_347,How to update TV's software through USB device?,"Based on the context provided, here are the steps to update the TV's software through a USB device:

1. Download the update package from the Samsung website to your computer.
2. Save the update package in the top-level folder of a USB flash drive.
3. Connect the USB flash drive to the TV.
4. Go to the Settings > Support > Software Update menu on the TV.
5. Select the ""Update Now"" or ""Update through USB"" option.
6. The TV will detect the update package on the USB drive and start the software update process.
7. DO NOT turn off the TV's power until the update is complete. The TV will turn off and on automatically once the update is finished.
8. After the update, the video and audio settings will be reset to their default values.

Remember, the key steps are to download the update package from the Samsung website, save it in the top-level folder of a USB drive, and then connect the USB drive to the TV to initiate the software update process.",ace_packed_160,chunk_packed_160,"Download the update package from Samsung.com to your computer, then save it in the USB device's top-level folder, connect the USB device to the TV, and","Download update package from Samsung.com, store it on USB device, connect USB device to TV, follow on-screen instructions",0.243902,0.15,0.093902,0,0,0,emanual_116::ctx1 | emanual_347::ctx1 | emanual_347::ctx2 | emanual_347::ctx0,emanual_116::ctx0 | emanual_64::ctx1 | emanual_116::ctx1
emanual_353,Can I request service I am having problem with the TV?,"Yes, based on the context provided, you can request service if you are having a problem with the TV. The context indicates that there is a ""Request Service"" option where you can select the problem you are encountering and then request service. It mentions that you can ""Request Now"" to register your service request, and the Samsung Contact Center will then contact you to set up or confirm a service appointment. The context also notes that this function may be supported depending on the geographical area and requires an internet connection.",ace_packed_160,chunk_packed_160,Requesting service,Requesting service,0.02439,0.02439,0.0,0,0,0,emanual_353::ctx0 | emanual_420::ctx2 | emanual_353::ctx1 | emanual_637::ctx2,emanual_433::ctx1 | emanual_353::ctx0 | emanual_353::ctx1
emanual_359,Can I turn on the TV with a mobile device?,"Yes, according to the context provided, you can turn on the TV with your mobile device when both the TV and the mobile device are connected to the same network. The context mentions ""Turning on the TV with a mobile device"" and states that ""You can turn on the TV with your mobile device when both of them are connected to the same network.""",ace_packed_160,chunk_packed_160,Yes,Settings General Network Expert Settings Power On with Mobile,0.036364,0.126984,-0.09062,0,0,0,emanual_637::ctx0 | emanual_473::ctx2 | emanual_371::ctx1,emanual_637::ctx0 | emanual_371::ctx1 | emanual_359::ctx1
emanual_363,Can I changing the name of the TV on a network?,"Yes, based on the provided context, you can change the name of the TV on the network. The first piece of context specifically states that you can ""change the name of the TV on the network"" by going to Settings > General > System Manager > Device Name and using the ""Try Now"" option to change the name.",ace_packed_160,chunk_packed_160,Changing the name of the TV on a network,Change the name of the TV on the network,0.196078,0.235294,-0.039216,0,0,0,emanual_363::ctx0 | emanual_363::ctx1 | emanual_363::ctx2 | emanual_594::ctx1,emanual_363::ctx0 | emanual_363::ctx1 | emanual_284::ctx1 | emanual_363::ctx2
emanual_365,My IP auto setting failed. How to configure it?,"Based on the provided context, here are the steps to configure the IP settings when the IP auto setting fails:

1. Make sure that the DHCP server is enabled on the router. If not, enable it.
2. Unplug the router and plug it back in to reset the connection.
3. If the issue persists, you may need to reset the router. Check the router's documentation for the reset process.
4. For a wireless connection, make sure you are entering the correct password for the wireless network.
5. If the issue still persists after these steps, you may need to manually configure the IP settings. Go to Settings > General > Network > Network Status > IP Settings and configure the IP address, subnet mask, gateway, and DNS values manually.

The key steps are ensuring the DHCP server is enabled, resetting the router, and then manually configuring the IP settings if the automatic IP assignment still fails.",ace_packed_160,chunk_packed_160,"Enable DHCP, reset router",Configure the settings in IP Settings,0.06015,0.074627,-0.014476,0,0,0,emanual_442::ctx0 | emanual_568::ctx2 | emanual_365::ctx0 | emanual_577::ctx2,emanual_365::ctx1 | emanual_631::ctx2 | emanual_365::ctx0 | emanual_577::ctx2
emanual_371,How can I connect my mobile device to the TV?,"Based on the provided context, there are a few ways to connect your mobile device to the TV:

1. Using the SmartThings app:
   - Download and install the SmartThings app on your mobile device.
   - Connect your mobile device and TV to the same network.
   - Open the SmartThings app, tap ""Add Device"", and select your TV model from the search results.
   - Enter the PIN displayed on the TV screen to register your TV with your Samsung account.
   - Once connected, you can use the SmartThings app to control the TV.

2. Using Screen Mirroring or Smart View:
   - Ensure your mobile device supports a mirroring function like Screen Mirroring or Smart View.
   - Connect your mobile device and TV to the same network.
   - Use the mirroring function on your mobile device to connect and mirror the screen to the TV.

3. Using Wi-Fi Direct:
   - Ensure your mobile device supports the Wi-Fi Direct function.
   - Connect your mobile device and TV to each other using Wi-Fi Direct.

The key is to make sure your mobile device and TV are connected to the same network or can connect directly via a supported function, such as Screen Mirroring, Smart View, or Wi-Fi Direct.",ace_packed_160,chunk_packed_160,Turn on the TV,Connect your mobile device to the TV on the same network. Use the SmartThings app on your mobile device to connect and control the TV,0.022727,0.216495,-0.193768,0,0,0,emanual_637::ctx0 | emanual_92::ctx1 | emanual_594::ctx1 | emanual_359::ctx1,emanual_594::ctx1 | emanual_359::ctx2 | emanual_371::ctx0 | emanual_359::ctx1
emanual_395,What is the function of 'Learn TV Remote'?,"According to the given context, the ""Learn TV Remote"" function helps individuals with a visual impairment to learn the positions of the buttons on the remote control. When this function is activated, the user can press a button on the remote control and the TV will tell them the name of that button. This allows visually impaired users to familiarize themselves with the layout and buttons on the remote control.",ace_packed_160,chunk_packed_160,Helps individuals with a visual impairment to learn the positions of the buttons on the remote control,Helps individuals with a visual impairment learn remote control button positions,0.371429,0.298507,0.072921,0,0,0,emanual_395::ctx0 | emanual_395::ctx1 | emanual_365::ctx2 | emanual_568::ctx2,emanual_395::ctx2 | emanual_395::ctx0 | emanual_89::ctx2 | emanual_466::ctx2 | emanual_395::ctx1
emanual_4,What is decor and how to set wallpaper of the Ambient Mode screen?,"According to the context provided:

1. Decor:
   - The Decor category in the Ambient Mode browser screen allows you to select beautiful screens to display in Ambient Mode.

2. Setting wallpaper for the Ambient Mode screen:
   - The Photo category allows you to set a picture stored on your mobile device as the wallpaper of the Ambient Mode screen.
   - You can configure special layouts using your photos.
   - To save photos from your mobile device to the TV and import them in Ambient Mode, you need to use the SmartThings app on your mobile device.

So in summary, the ""Decor"" category provides pre-made beautiful screens, while the ""Photo"" category allows you to set your own photos as the wallpaper for the Ambient Mode screen by using the SmartThings app to transfer the photos from your mobile device to the TV.",ace_packed_160,chunk_packed_160,unknown,unknown,0.0,0.0,0.0,0,0,0,emanual_403::ctx2 | emanual_4::ctx1 | emanual_490::ctx2,emanual_467::ctx0 | emanual_467::ctx1 | emanual_490::ctx2
emanual_403,How do I enable/disable light effect?,"Based on the given context, there are a few ways to enable or disable light effects on the TV:

1. Ambient Light Detection:
   - This feature automatically adjusts the brightness level of the TV according to the ambient light level to reduce power consumption.
   - If the screen brightness is too bright or dark, you can select ""Minimum Backlight"" to manually adjust the minimum screen brightness.

2. Motion Lighting:
   - This feature adjusts the brightness in response to on-screen movements to reduce power consumption.

3. Ambient Mode Settings:
   - In the Ambient Mode browser screen, you can adjust the ""Brightness"" and ""Color Tone"" settings to change the appearance of the Ambient Mode screen.
   - You can also turn off the ""Auto Brightness"" setting to disable the automatic brightness adjustment based on ambient light.

So in summary, you can enable or disable light effects by configuring the Ambient Light Detection, Motion Lighting, and Ambient Mode settings on your TV. Adjusting the brightness, minimum backlight, and auto brightness settings will allow you to control the light effects.",ace_packed_160,chunk_packed_160,See if Power Saving Mode has been enabled,unknown,0.0375,0.0,0.0375,0,0,0,emanual_420::ctx2 | emanual_19::ctx2 | emanual_426::ctx0,emanual_19::ctx1 | emanual_539::ctx0 | emanual_486::ctx0
emanual_413,Where do I find signal information ?,"According to the context provided, you can find digital channel signal information and strength in the ""Settings"" menu under ""Support"" and then ""Self Diagnosis"" and ""Signal Information"". The context states that if your TV is connected to a separate over-the-air antenna, you can use the signal strength information to adjust the antenna for increased signal strength and improved HD channel reception.",ace_packed_160,chunk_packed_160,"For antenna or cable connections, check the signal information",Settings Support Self Diagnosis Signal Information,0.126984,0.196721,-0.069737,0,0,0,emanual_648::ctx0 | emanual_451::ctx0 | emanual_114::ctx2,emanual_413::ctx0 | emanual_284::ctx2 | emanual_433::ctx1
emanual_420,How do I fix blurring issues on TV screen?,"Based on the context provided, here are the steps to fix blurring issues on the TV screen:

1. Run the Picture Test to determine if the issue is caused by the TV or an external device:
   - Go to Settings > Support > Self Diagnosis > Start Picture Test

2. If the Picture Test indicates an issue with the TV, try the following:
   - Adjust the TV's picture settings such as Backlight, Contrast, Brightness, Sharpness, and Color.
   - Go to Settings > Picture > Expert Settings and adjust these settings.

3. If the issue is not caused by the TV, check the following:
   - Ensure the video input connectors are properly connected to the correct external device video output connectors.
   - If using a component cable connection, confirm the Pb, Pr, and Y jacks are plugged into their proper connectors.

4. To address ghosting or blurring, try adjusting the Auto Motion Plus settings:
   - Go to Settings > Picture > Expert Settings > Auto Motion Plus

5. If the issue persists, you may need to contact Samsung's customer support for further assistance.

The key steps are to first determine the source of the issue, then adjust the TV's picture settings, check the connections, and finally use the Auto Motion Plus settings to address any blurring or ghosting.",ace_packed_160,chunk_packed_160,Setting the screen to black and white,unknown,0.032967,0.0,0.032967,0,0,0,emanual_637::ctx2 | emanual_420::ctx1 | emanual_19::ctx1,emanual_430::ctx1
emanual_426,How do I fix the missing/wrong color issue ?,"Based on the context provided, here are the steps to fix the missing or wrong color issue on your TV:

1. Run the Start Picture Test to determine if the problem is caused by the TV or an external device.

2. If the test indicates the problem is not caused by the TV, check the following:
   - Confirm the video input connectors are connected to the correct external device video output connectors.
   - If using a component cable, make sure the Pb, Pr, and Y jacks are plugged into their proper connectors.

3. If the colors are just a little too dark or bright, try adjusting the following settings:
   - Picture Expert Settings: Backlight, Contrast, Brightness, Sharpness, Color, Tint (G/R)

4. If the colors are completely wrong or missing, check if the Power Saving Mode has been enabled. Disable it if so.

5. Try resetting the picture settings by going to Picture > Expert Settings > Reset Picture.

6. If you are using AV or analog equipment, try disconnecting the adapter from the Component (Blue) input port and connecting it to the AV (Yellow) input port.

7. Check if Grayscale is set to on under Settings > General > Accessibility > Grayscale and turn it off if so.

By following these troubleshooting steps, you should be able to resolve the missing or wrong color issue on your TV.",ace_packed_160,chunk_packed_160,Check component cable connections,Adjusting the Picture Quality. Change the Picture Mode and adjust Expert Settings,0.030151,0.068293,-0.038142,0,0,0,emanual_426::ctx0 | emanual_637::ctx2 | emanual_426::ctx2 | emanual_420::ctx2,emanual_19::ctx1 | emanual_426::ctx1 | emanual_426::ctx0 | emanual_420::ctx2
emanual_430,how do I fix low volume issue?,"Based on the context provided, here are the steps to fix a low volume issue:

1. Check the volume control on your TV and make sure it is set to the maximum level.

2. Check the volume control on the external device (e.g. cable box, satellite box, DVD/Blu-ray player) connected to your TV and ensure it is also set to a suitable volume level.

3. If you are using an external device, check the audio output option on that device and make sure it is set correctly. For example, you may need to change the cable box's audio option to HDMI if it is connected to the TV via HDMI.

4. If your TV has a headphone jack, make sure there is nothing plugged into it, as this can affect the main speaker volume.

5. Reboot the connected external device by unplugging and then reconnecting the power cable.

6. Check if the Digital Output Audio Format is set to Dolby Digital+. If the receiver/audio device does not support Dolby Digital+, you may need to change this setting.

7. Ensure the audio cable is connected to the correct audio output connector on the external device.

8. If it's an antenna or cable connection, check the signal information as a low signal level may cause sound distortions.

Following these troubleshooting steps should help resolve the low volume issue on your TV.",ace_packed_160,chunk_packed_160,Check antenna or cable connections,Increase volume settings,0.038278,0.009662,0.028616,0,0,0,emanual_645::ctx1 | emanual_114::ctx2 | emanual_433::ctx0 | emanual_648::ctx0 | emanual_451::ctx0,emanual_430::ctx1
emanual_433,How do I fix odd sound of speaker?,"Based on the context provided, here are the steps to fix an odd sound coming from the speakers:

1. Check the volume control on the TV and any connected external devices (cable box, DVD player, etc.). Make sure the volume is not set too high, which can cause distortion.

2. Try rebooting the connected external device by disconnecting and then reconnecting the power cable.

3. Check if the Digital Output Audio Format is set to Dolby Digital+. If the connected receiver doesn't support Dolby Digital+, it may cause audio issues.

4. Ensure the audio cable is connected to the correct audio output connector on the external device.

5. Check the signal information for the antenna or cable connections. A low signal level can cause sound distortions.

6. If using an external audio device connected via an optical cable, make sure to turn on the external device before connecting the optical cable. This will ensure the Sound Output setting is automatically changed to the connected device.

7. If the issue persists, the odd sound may be due to a problem with the connected audio device itself. In that case, you should contact the manufacturer of the audio device for further assistance.",ace_packed_160,chunk_packed_160,"Check volume control, test external devices, adjust audio settings",unknown,0.066667,0.0,0.066667,0,0,0,emanual_433::ctx0 | emanual_430::ctx0 | emanual_645::ctx1 | emanual_114::ctx2,emanual_430::ctx1
emanual_442,What do I do if wireless network connection failed?,"Based on the context provided, if the wireless network connection failed, you should do the following:

1. Go to the Open Network Settings on your device.
2. Select the correct wireless router from the available options.
3. If the selected wireless router is not found, make sure the router is turned on.
4. If the router is on, try turning it off and then on again.
5. Enter the correct password for the wireless router, if required.

The key steps are to select the correct wireless router, ensure the router is powered on, and enter the correct password if prompted. If the issue persists after trying these steps, you may need to contact your Internet Service Provider for further assistance.",ace_packed_160,chunk_packed_160,Check if the router is turned on,Turn off and on the router,0.090909,0.073394,0.017515,0,0,0,emanual_577::ctx2 | emanual_442::ctx1 | emanual_442::ctx0 | emanual_365::ctx0,emanual_442::ctx2 | emanual_577::ctx2 | emanual_442::ctx1 | emanual_365::ctx0
emanual_451, TV audio is not being played through the receiver. What should I do?,"Based on the provided context, if the TV audio is not being played through the receiver, you should try the following:

1. Check the Digital Output Audio Format setting on the TV. If it is set to Dolby Digital+, and the receiver does not support Dolby Digital+, you will not hear any sound. Try changing the Digital Output Audio Format to a different option that is supported by your receiver.

2. Ensure that the audio cable is connected to the correct audio output connector on the external device (e.g., cable box, satellite box, DVD player, etc.) that is connected to the TV.

3. Check the audio output setting on the connected external device. For example, if the device is connected to the TV via HDMI, you may need to change the audio output option to HDMI.

4. Reboot the connected external device by disconnecting and then reconnecting the power cable.

5. If you are using an HDMI-to-DVI cable to connect the external device to the TV, a separate audio cable is required, as the HDMI-to-DVI connection does not transmit audio. In this case, connect external speakers to the audio output connection of the computer.

6. Check the volume control on both the TV and the receiver to ensure they are set to an appropriate level.

By following these troubleshooting steps, you should be able to resolve the issue of the TV audio not being played through the receiver.",ace_packed_160,chunk_packed_160,Check the volume control of the external device,Check speaker settings,0.057143,0.009662,0.047481,0,0,0,emanual_433::ctx0 | emanual_645::ctx1 | emanual_451::ctx0,emanual_430::ctx1
emanual_454,I get this error 'some files cannot be played'. How do I fix this?,"Based on the provided context, here are the steps to fix the issue when some files cannot be played:

1. Read the information in the section ""Read Before Playing Photo, Video, or Music Files"". This section likely contains important information about the file formats and encoding methods that are supported for playback.

2. Check the section ""Playing multimedia content on a PC or mobile device"". This provides the general steps to play media content by selecting the device, navigating to the content, and playing the selected item.

3. If the content is stored on a USB device, follow the steps in the section ""Playing multimedia content on a USB device"". This involves connecting the USB device, navigating to the content, and selecting the item to play.

4. The context also mentions that ""The content may not be played depending on the encoding method or file format. Furthermore, several functions may be restricted."" This suggests that the issue may be related to the file format or encoding not being compatible with the playback device. In this case, you may need to convert the file to a supported format.

5. If the content is on a network-connected device, the context mentions that ""Content on devices connected to the TV via your network may not play smoothly due to network communication problems. If this occurs, use a USB device."" This indicates that you should try playing the content from a USB device instead of the network-connected device if you encounter playback issues.

So in summary, the key steps are to check the supported file formats, try playing the content from a USB device, and consider converting the file to a compatible format if needed.",ace_packed_160,chunk_packed_160,Reset Settings Support Self Diagnosis,Try this!,0.0,0.016598,-0.016598,0,0,0,emanual_454::ctx0 | emanual_631::ctx0 | emanual_310::ctx1 | emanual_82::ctx1 | emanual_454::ctx2,emanual_430::ctx1 | emanual_454::ctx0 | emanual_454::ctx2 | emanual_82::ctx1 | emanual_310::ctx1
emanual_465,How can I turn on ambient mode on TV screen. Can you explain about that?,"Based on the context provided, here's how you can turn on the Ambient Mode on your TV screen:

1. To enter Ambient Mode when the TV is turned off, press the dedicated button on the remote control.

2. When the TV is turned off, pressing the button will turn on the TV directly in Ambient Mode.

3. Ambient Mode allows you to view beautiful screens, various visual information, and notifications on your TV screen.

4. In Ambient Mode, the TV screen consumes less power and the brightness is automatically adjusted by the illuminance sensor based on the surrounding brightness.

5. Ambient Mode has different screen states - the normal Ambient Mode, the ""Getting dark"" state where the screen becomes darker as the surroundings get darker, and the ""Black screen"" state where the TV turns soft-off if the surroundings get too dark or there's no external operation.

6. You can change the auto brightness settings for the Ambient Mode in the TV settings.

7. Note that Ambient Mode is a feature specific to QLED TVs, so it may not be supported on all TV models.

So in summary, to turn on Ambient Mode, simply press the dedicated button on your TV remote control when the TV is turned off. This will activate the Ambient Mode features on your TV screen.",ace_packed_160,chunk_packed_160,Press the button on the remote control,unknown,0.050761,0.0,0.050761,0,0,0,emanual_191::ctx0 | emanual_465::ctx1 | emanual_465::ctx0,emanual_188::ctx1 | emanual_14::ctx2
emanual_466,I dont know about Universal Guide. What is it?,"Based on the provided context, Universal Guide is an app that allows you to search for and enjoy various content such as TV shows, dramas, movies, sports broadcasts, and music in one place. Some key points about Universal Guide:

1. It is an app that can be used on your TV.

2. It can recommend content tailored to your preferences and notify you of new drama series.

3. You can also use the Universal Guide feature on your mobile device through the Samsung SmartThings app.

4. To enjoy content from the Universal Guide app on your TV, the app must be installed on the TV.

5. Some paid content may require making a payment using the associated app.

6. The image quality may be affected by the service provider's circumstances.

7. The availability and functionality of Universal Guide may vary depending on the TV model and geographical area.

So in summary, Universal Guide is an integrated content discovery and viewing app that allows you to access various types of media from a single platform on your TV and mobile devices.",ace_packed_160,chunk_packed_160,"Universal Guide is an app that allows you to search for and enjoy various content such as TV shows, dramas, movies, and music in one place. Universal Guide",Universal Guide,0.282723,0.024096,0.258626,0,0,0,emanual_466::ctx0 | emanual_473::ctx2 | emanual_89::ctx0 | emanual_1::ctx1,emanual_466::ctx1 | emanual_89::ctx0 | emanual_89::ctx2 | emanual_466::ctx0
emanual_467,I want to  enter into Ambient mode. How can I do that?,"Based on the context provided, here are the steps to enter Ambient Mode:

1. Press the button on your Samsung TV remote control.
2. This will bring up the Ambient Mode browser screen, where you can select content and change Ambient Mode settings.

The key points are:

- Pressing the button on the remote control will enter Ambient Mode.
- If the TV is turned off, pressing the button will turn the TV on directly in Ambient Mode.
- Using a remote control other than the Samsung TV remote may have restrictions on accessing Ambient Mode, as it is a QLED TV-specific feature.

So in summary, the main way to enter Ambient Mode is by pressing the dedicated button on your Samsung TV remote control.",ace_packed_160,chunk_packed_160,Press the button,Press the Select button,0.036697,0.054545,-0.017848,0,0,0,emanual_467::ctx2 | emanual_59::ctx1 | emanual_4::ctx2 | emanual_59::ctx0,emanual_467::ctx0 | emanual_467::ctx1 | emanual_490::ctx2
emanual_473, I want to setup a  beautiful screens. How can I do that?,"Based on the provided context, it seems you can set up beautiful screens using the Ambient Mode feature on your TV. The context mentions:

""Ambient Mode, you can view beautiful screens, various visual information, and notifications. To enter Ambient Mode, press the button. To return to the TV mode, press the button. To shut off the TV, press the button.""

So to set up beautiful screens, you can follow these steps:

1. Press the button on your TV remote control to enter Ambient Mode.
2. In Ambient Mode, you can view various beautiful screen options and visual information.
3. If you want to return to normal TV mode, press the button again.
4. If you want to turn off the TV completely, press the button.

The context also mentions that the Ambient Mode feature may be specific to QLED TVs, so the availability and functionality may depend on your TV model and geographical area.",ace_packed_160,chunk_packed_160,Decor,Adjusting the Picture Quality. Change the Picture Mode and adjust Expert Settings. Configuring advanced picture settings. Settings Picture Expert Settings Try Now,0.0,0.025157,-0.025157,0,0,0,emanual_539::ctx2 | emanual_486::ctx1,emanual_19::ctx1 | emanual_490::ctx1 | emanual_19::ctx0
emanual_486,Can I configure Brightness?,"Based on the context provided, you can configure the brightness of the TV in several ways:

1. Ambient Light Detection: This feature automatically adjusts the brightness level of the TV according to the ambient light level to reduce power consumption. If the brightness level is too bright or too dark, you can manually adjust the Minimum Backlight to set the minimum screen brightness.

2. Backlight: You can manually adjust the Backlight setting under the Picture Expert Settings menu to configure the brightness of the screen.

3. Brightness: You can directly adjust the Brightness setting under the Picture Expert Settings menu to configure the screen brightness.

4. Contrast Enhancer: This feature can be used to automatically provide an optimal HDR (High Dynamic Range) effect, which can impact the overall brightness of the image.

5. Auto Brightness: In Ambient Mode, the TV can automatically adjust the screen brightness based on the surrounding light conditions.

So in summary, the context indicates that you can configure the brightness of the TV through various settings like Ambient Light Detection, Backlight, Brightness, Contrast Enhancer, and Auto Brightness in Ambient Mode.",ace_packed_160,chunk_packed_160,Settings Picture Picture Mode Settings Picture Expert Settings Brightness,Yes,0.095238,0.0,0.095238,0,0,0,emanual_426::ctx0 | emanual_403::ctx0 | emanual_637::ctx2,emanual_486::ctx1 | emanual_486::ctx0
emanual_490,Can I configure Tint?,"Yes, according to the provided context, you can configure the Tint (G/R) setting under the ""Configuring advanced picture settings"" section. The text states:

""Configure the screen settings to your taste by using the following functions: [...] Tint (G/R) Try Now""

This indicates that the Tint setting is one of the available advanced picture settings that can be customized on the TV.",ace_packed_160,chunk_packed_160,Tint (G/R) Try Now,Tint (G/R) Try Now,0.145455,0.145455,0.0,0,0,0,emanual_19::ctx0 | emanual_426::ctx2 | emanual_490::ctx1,emanual_19::ctx1 | emanual_490::ctx1 | emanual_19::ctx0
emanual_535,Can I set the clock manually?,"Yes, you can set the clock manually on the TV.

According to the context provided:

""Setting the clock manually
Settings General System Manager Time Clock Clock Mode Manual
When Clock Mode is set to Manual, you can directly enter the current time. Select the Date and Time by using the directional buttons on the remote control.""

This clearly indicates that the TV allows you to set the clock manually by changing the Clock Mode to ""Manual"" and then directly entering the current date and time using the remote control.",ace_packed_160,chunk_packed_160,Manual,Setting the current time,0.025974,0.075949,-0.049975,0,0,0,emanual_257::ctx0 | emanual_535::ctx0 | emanual_300::ctx0 | emanual_535::ctx2,emanual_473::ctx0 | emanual_535::ctx0 | emanual_257::ctx0
emanual_539,Can I select Ambient Light Detection ?,"Yes, based on the context provided, you can select the ""Ambient Light Detection"" feature. The context states that ""Ambient Light Detection Try Now Automatically adjusts the brightness level of the TV, according to the ambient light level, to reduce power consumption.""

This indicates that the Ambient Light Detection feature is available and can be used to automatically adjust the TV's brightness based on the ambient light level, in order to reduce power consumption.",ace_packed_160,chunk_packed_160,Unknown,Unknown,0.0,0.0,0.0,0,0,0,emanual_4::ctx2 | emanual_465::ctx2 | emanual_59::ctx1 | emanual_59::ctx0 | emanual_558::ctx1,emanual_467::ctx0 | emanual_467::ctx1 | emanual_490::ctx2
emanual_543,Can I select Auto Power Off?,"Yes, based on the context provided, you can select the Auto Power Off feature to automatically turn off the TV after 4 hours of inactivity, in order to reduce unnecessary power consumption.

The relevant information is found in the ""Reducing the energy consumption of the TV"" section, which includes the following:

""Auto Power Off Try Now Automatically turns off the TV to reduce unnecessary power consumption if there is no operation for 4 hours.""

This indicates that the Auto Power Off feature is available as an option to conserve energy by automatically turning off the TV after a period of inactivity.",ace_packed_160,chunk_packed_160,Auto Power Off,Unknown,0.065934,0.0,0.065934,0,0,0,emanual_403::ctx0 | emanual_467::ctx0 | emanual_543::ctx2,emanual_64::ctx0 | emanual_486::ctx0 | emanual_539::ctx0
emanual_548,Can I scan TV for malicious code ?,"Yes, based on the context provided, you can scan the TV and connected storage for malicious code using the ""Smart Security Scan"" feature. The context states:

""Scanning the TV and connected storage for malicious code. Settings General System Manager Smart Security Scan If malicious code is found, the results of the scan will appear on the screen. This result window displays all malicious code found. You can quarantine (isolate) the code. Quarantining prevents it from executing. Select all the malicious code to quarantine. Select Isolate The selected malicious code is relocated to the Isolated List The Isolated List displays all quarantined malicious codes.""

This indicates that the TV has a ""Smart Security Scan"" feature that can be used to scan for and quarantine any malicious code found on the TV or connected storage.",ace_packed_160,chunk_packed_160,unknown,Yes,0.0,0.016949,-0.016949,0,0,0,emanual_548::ctx0 | emanual_548::ctx1 | emanual_413::ctx2 | emanual_32::ctx0,emanual_548::ctx1 | emanual_32::ctx0 | emanual_548::ctx0 | emanual_548::ctx2
emanual_558,Can I turn TV in Ambient Mode?,"Based on the given context, yes, you can turn your TV into Ambient Mode.

The key points are:

1. Ambient Mode is a QLED TV-specific function that allows you to view beautiful screens, visual information, and notifications on the TV.

2. To enter Ambient Mode, you can press the button on the TV or remote control.

3. If you press the button when the TV is turned off, the TV will turn on directly in Ambient Mode.

4. The context states ""To enter Ambient Mode when the TV is turned off, press the button on the remote control.""

So, the information provided indicates that you can turn your TV into Ambient Mode, even when the TV is initially turned off.",ace_packed_160,chunk_packed_160,No,unknown,0.0,0.0,0.0,0,0,0,emanual_14::ctx2 | emanual_188::ctx1 | emanual_191::ctx0,emanual_467::ctx2 | emanual_4::ctx2 | emanual_188::ctx2
emanual_568,How do I turn on or off Remote Management?,"Based on the provided context, you can turn Remote Management on and off in the following ways:

1. From the TV Settings menu:
   - Go to Settings > Support > Remote Management
   - Here, you can turn Remote Management on or off.

2. By pressing and holding the button on the TV for 5 or more seconds:
   - This will also start the Remote Management function.

The context states that ""You can also turn Remote Management on and off. You can also start this function by pressing and holding the button for 5 or more seconds.""

So, the two ways to turn Remote Management on or off are:
1. Through the Settings menu
2. By pressing and holding the button on the TV for 5 or more seconds",ace_packed_160,chunk_packed_160,Settings Support Remote Management Try Now,"Turns off in settings, on or off in support",0.068376,0.116667,-0.048291,0,0,0,emanual_568::ctx0 | emanual_568::ctx1 | emanual_59::ctx2,emanual_284::ctx1 | emanual_363::ctx2 | emanual_568::ctx0
emanual_577,What are the steps to reset network?,"Based on the context provided, the steps to reset the network settings on the TV are:

1. Go to Settings > General > Network > Reset Network.
2. Select ""Try Now"" to restore the network settings to the factory default.

The context mentions that this will ""Restore the network settings to the factory default.""",ace_packed_160,chunk_packed_160,"Reset the router, reset the network settings to factory default, turn off and on the device, ensure DHCP server is enabled on the router",Settings General Network Reset Network,0.290323,0.212766,0.077557,0,0,0,emanual_365::ctx0 | emanual_577::ctx0 | emanual_577::ctx2 | emanual_442::ctx0,emanual_577::ctx0 | emanual_577::ctx2 | emanual_365::ctx0 | emanual_442::ctx0
emanual_59,How to turn TV in Ambient Mode?,"Based on the context provided, here are the steps to turn the TV into Ambient Mode:

1. Press the button on the remote control when the TV is turned off. This will turn on the TV in Ambient Mode.

2. To enter Ambient Mode when the TV is already turned on, press the button on the remote control.

The key points are:

- Pressing the button on the remote control will turn on the TV in Ambient Mode, whether the TV was previously turned off or on.
- Ambient Mode is a QLED TV-specific feature, so it may not be supported on all TV models.
- If you use a remote control other than the Samsung TV remote control, there may be restrictions to entering Ambient Mode.",ace_packed_160,chunk_packed_160,Press the button on the remote control,Press the button,0.09009,0.037037,0.053053,0,0,0,emanual_188::ctx0 | emanual_14::ctx2 | emanual_465::ctx0,emanual_467::ctx2 | emanual_4::ctx2 | emanual_188::ctx2
emanual_594,How do I view a list of mobile devices registered to the TV?,"According to the context provided, to view a list of mobile devices registered to the TV, you can follow these steps:

1. Go to the ""Managing Mobile Devices"" section.
2. Under ""Device List"", you can view, edit, or remove a list of mobile devices registered to the TV.

The context states:

""Device List View, edit, or remove a list of mobile devices registered to the TV.""

So you can access the list of registered mobile devices through the ""Device List"" option in the ""Managing Mobile Devices"" settings.",ace_packed_160,chunk_packed_160,Device List,Device List,0.051948,0.051948,0.0,0,0,0,emanual_594::ctx0 | emanual_594::ctx2 | emanual_359::ctx0 | emanual_92::ctx2,emanual_594::ctx0 | emanual_371::ctx0 | emanual_594::ctx1 | emanual_359::ctx1
emanual_631,Where do I find Reset option ?,"Based on the context provided, the reset option can be found in the following locations:

1. Settings > Support > Self Diagnosis > Reset Settings
2. Settings > General > Network > Reset Network

The context mentions that you can ""Restore the network settings to the factory default"" by going to Settings > General > Network > Reset Network.

Additionally, the context describes how to ""Restoring the TV to the factory settings"" by going to Settings > Support > Self Diagnosis > Reset > Try Now. This will reset all TV settings (excluding the Internet and network settings) to the factory defaults.

So, the two main locations to find the reset option are in the Settings menu, under the Support > Self Diagnosis > Reset Settings path, and the General > Network > Reset Network path.",ace_packed_160,chunk_packed_160,Settings,Settings General Network Reset,0.019231,0.074766,-0.055536,0,0,0,emanual_577::ctx1 | emanual_82::ctx0 | emanual_637::ctx1 | emanual_64::ctx2 | emanual_631::ctx1,emanual_577::ctx0 | emanual_577::ctx1 | emanual_637::ctx1 | emanual_631::ctx1
emanual_637,Can I fix powering on issue?,"Based on the context provided, here are the steps you can try to fix powering on issues with your TV:

1. Confirm that the TV's power cord is connected correctly at both ends.

2. Make sure the remote control is operating normally.

3. Check that the antenna cable or cable TV cable is firmly connected.

4. If you have a cable box or satellite box, confirm that it is plugged in and turned on.

5. If your TV is not connected to a cable box or satellite box, run the Auto Program function to store the available channels.

6. If you have an analog cable box or satellite box, consider upgrading to a digital one to get better picture quality.

7. Use HDMI or Component cables to connect your external devices for HD picture quality.

8. Adjust the cable box or satellite box's video output resolution to 1080i or 720p.

9. If the issue persists, contact Samsung's Call Center for further assistance.

The context provides troubleshooting steps to address various TV issues, including powering on problems. By following these steps, you should be able to resolve the powering on issue with your TV.",ace_packed_160,chunk_packed_160,unknown,Unable to find a channel,0.0,0.010989,-0.010989,0,0,0,emanual_637::ctx2 | emanual_420::ctx2 | emanual_426::ctx0,emanual_430::ctx1 | emanual_426::ctx0 | emanual_420::ctx2 | emanual_114::ctx0
emanual_64,How to launch the last used app automatically?,"Based on the provided context, to launch the last used app automatically, you can follow these steps:

1. Go to the TV's settings menu.
2. Navigate to the ""General"" section.
3. Select the ""Smart Features"" option.
4. Find the ""Autorun Last App"" setting and turn it on.

The context states that when ""Autorun Last App"" is set to on, the last used app will be automatically run when you turn on the TV. You can also toggle this function on or off by pressing the ""Select"" button from the current menu.

However, the context also mentions that this function may not be supported depending on the app, so the availability and functionality may vary.",ace_packed_160,chunk_packed_160,Settings General Smart Features Autorun Last App,Settings General Smart Features Autorun Last App,0.130841,0.130841,0.0,0,0,0,emanual_64::ctx0 | emanual_543::ctx1 | emanual_82::ctx1 | emanual_64::ctx2 | emanual_82::ctx0,emanual_64::ctx0 | emanual_543::ctx1 | emanual_64::ctx1 | emanual_82::ctx0
emanual_645,Can I fix low volume issue?,"Based on the context provided, here are the steps you can try to fix a low volume issue on your TV:

1. Check the volume control on your TV and any external devices (cable/satellite box, DVD/Blu-ray player, etc.) connected to the TV. Ensure the volume is turned up on both the TV and the external device.

2. If using an external device, check the audio output settings on that device and ensure it is set to output audio through HDMI or the correct connector.

3. If your TV has a headphone jack, make sure nothing is plugged into it, as this can mute the TV's speakers.

4. Reboot the connected external device by disconnecting and then reconnecting the power cable.

5. Check the Digital Output Audio Format setting on your TV and ensure it is not set to Dolby Digital+ if your receiver does not support that format (you will get no sound in that case).

6. Adjust the Balance, Equalizer, and Audio Delay settings in the TV's sound expert settings to see if you can improve the volume and sound quality.

7. Try running the Start Sound Test in the TV's self-diagnosis menu to see if the issue is with the TV's internal speakers or an external connection.

By following these troubleshooting steps, you should be able to identify and resolve the low volume issue on your TV.",ace_packed_160,chunk_packed_160,unknown,Unknown,0.0,0.0,0.0,0,0,0,emanual_333::ctx1 | emanual_645::ctx1 | emanual_648::ctx2 | emanual_237::ctx2,emanual_430::ctx1
emanual_648,Can I fix odd sound of speaker?,"Based on the context provided, here are some steps you can try to fix an issue with odd or unusual sound from the TV speakers:

1. Check the volume control on the TV itself, as well as the volume control on any external devices (cable/satellite box, Blu-ray player, etc.) connected to the TV.

2. If you are using an external device, check the audio output settings on that device and ensure it is set to the correct format, such as HDMI if connected via HDMI.

3. Reboot the connected external device by disconnecting and then reconnecting the power cable.

4. Check the audio cable connections to ensure they are properly connected to the correct audio output ports.

5. If the TV has a headphone jack, make sure nothing is plugged into it.

6. Go into the TV's sound settings and try adjusting the Equalizer, Audio Delay, or other sound-related settings to see if that helps improve the audio quality.

7. As a last resort, you can try resetting the TV's sound settings to the default factory settings.

So in summary, the key steps are to check the volume, audio settings, connections, and then use the TV's sound settings to try and resolve any odd or distorted speaker sounds.",ace_packed_160,chunk_packed_160,"Check volume control, test external devices, adjust audio settings",Unknown,0.072917,0.0,0.072917,0,0,0,emanual_648::ctx0 | emanual_451::ctx0 | emanual_433::ctx0 | emanual_645::ctx1,emanual_430::ctx1
emanual_82,I need to lock app. How to do this?,"Based on the provided context, you can lock apps on your TV by following these steps:

1. Go to Settings > Apps.
2. Select the app you want to lock.
3. Select ""Lock/Unlock"".
4. Enter the default PIN (which is usually 0000) or the custom PIN you have set.
5. The selected app will now be locked.

The context mentions that to lock or unlock an app, you need to enter a PIN. The default PIN is 0000, but you can change it by going to Settings > General > System Manager > Change PIN.

So in summary, to lock an app, go to the Apps menu, select the app, choose ""Lock/Unlock"", and enter the PIN to lock the app and restrict access to it.",ace_packed_160,chunk_packed_160,Enter the PIN,Settings Delete Add to Home Lock/Unlock Move Reinstall View Details  Auto Update : ON Locking and unlocking apps Select an app to lock or unlock. Select,0.036697,0.198473,-0.161776,0,0,0,emanual_82::ctx0 | emanual_64::ctx2 | emanual_82::ctx2 | emanual_64::ctx0 | emanual_543::ctx1,emanual_64::ctx0 | emanual_543::ctx1 | emanual_64::ctx2 | emanual_82::ctx0
emanual_89,What is the use of universal guide?,"Based on the provided context, the Universal Guide app has the following uses:

1. Allows you to search for and enjoy various content such as TV shows, dramas, movies, sports broadcasts, and music in one place.

2. Can recommend content tailored to your preferences and notify you of new drama series.

3. Can be used on your mobile device with the Samsung SmartThings app to access and enjoy the content on your TV, as long as the necessary apps are installed on the TV.

4. Provides a menu and a remote control guide that aids the visually impaired.

5. Allows you to connect and control external devices using the Samsung Smart Remote through the Universal Remote feature (though this may not be supported on all models or geographical areas).

In summary, the main use of the Universal Guide app is to provide a centralized platform to search, discover, and enjoy various types of content across different devices and services.",ace_packed_160,chunk_packed_160,"To search and enjoy various content such as TV shows, dramas, movies, and music in one place. Universal Guide can recommend content tailored to your preferences and notify","Allows you to search for and enjoy various content such as TV shows, dramas, movies, and music in one place",0.325581,0.243902,0.081679,0,0,0,emanual_466::ctx0 | emanual_89::ctx0 | emanual_473::ctx2,emanual_466::ctx1 | emanual_89::ctx2 | emanual_89::ctx0 | emanual_466::ctx0
emanual_92,How to create new account in SmartThings ?,"Based on the context provided, to create a new Samsung account for use with the SmartThings app and your Samsung TV, you can follow these steps:

1. From your Samsung TV, go to Settings > General > System Manager > Samsung Account > Add Account > Create Account.
2. Follow the on-screen instructions to create a new Samsung account.
3. You can also create a new Samsung account directly on the Samsung website at http://account.samsung.com.
4. Once you have a Samsung account, you can use the same ID on both the TV and the SmartThings app.
5. To connect your Samsung TV to the SmartThings app, turn on the TV, start the SmartThings app on your mobile device, tap ""Add Device"" and select your TV model from the search results. Enter the PIN displayed on the TV screen to register the TV with your Samsung account.

The context does not mention creating a new account directly within the SmartThings app. The steps provided focus on creating a new Samsung account, which is then used to connect the TV to the SmartThings app.",ace_packed_160,chunk_packed_160,Tap Add Device on the dashboard of the SmartThings app,unknown,0.075,0.0,0.075,0,0,0,emanual_92::ctx2 | emanual_594::ctx2 | emanual_92::ctx1 | emanual_594::ctx1 | emanual_371::ctx0,emanual_92::ctx0 | emanual_594::ctx2 | emanual_371::ctx0
emanual_97,What are the uses of buttons in the e-manual?,"Based on the provided context, the buttons in the e-Manual have the following uses:

1. Search: Allows you to enter a search query and select an item from the search results to load the corresponding page.

2. Index: Allows you to select a keyword to navigate to the relevant page.

3. Recently Viewed Topics: Allows you to select a topic from the list of recently viewed topics.

4. Try Now: Allows you to access the corresponding menu item and try out the feature right away.

5. Link: Allows you to access an underlined topic referred to on an e-Manual page immediately.

The context also mentions that some menu screens cannot be accessed from the e-Manual, indicating that the e-Manual provides limited navigation and functionality compared to the actual TV menu.",ace_packed_160,chunk_packed_160,Select an item from the search results to load the corresponding page. Launching the e-Manual. Control and read the manual embedded in your TV. Settings Support,Search,0.198473,0.018018,0.180455,0,0,0,emanual_97::ctx0 | emanual_395::ctx2 | emanual_97::ctx1 | emanual_97::ctx2 | emanual_310::ctx1,emanual_395::ctx2 | emanual_97::ctx2 | emanual_97::ctx0 | emanual_97::ctx1 | emanual_395::ctx1
